Date,Wk,Home,Away,xG,xG.1,Score,Attendance,Venue,Referee,odds_home,odds_draw,odds_away,formation_home_xg90,formation_away_xg90
2019-08-10,1,Arsenal,Chelsea,1.79,1.39,0-2,46254,Emirates Stadium,Craig Pawson,2.16,3.57,3.14,1.85,1.36
2019-08-10,1,Manchester Utd,West Ham,2.15,1.19,2-1,53007,Old Trafford,Craig Pawson,2.0,3.66,3.49,2.22,1.37
2019-08-10,1,Chelsea,Everton,2.0,0.75,0-0,35055,Stamford Bridge,Stuart Attwell,1.89,3.72,3.81,2.08,0.81
2019-08-10,1,Liverpool,Tottenham,2.06,1.0,2-2,56918,Anfield,Paul Tierney,2.0,3.66,3.49,2.39,1.21
2019-08-15,2,Chelsea,Tottenham,1.81,1.03,4-0,32482,Stamford Bridge,Stuart Attwell,2.26,3.53,2.99,1.86,0.62
2019-08-15,2,Liverpool,Brighton,2.18,1.3,4-0,42924,Anfield,Anthony Taylor,1.93,3.7,3.7,2.1,1.04
2019-08-15,2,Tottenham,Arsenal,1.6,1.48,1-1,31640,Tottenham Hotspur Stadium,Stuart Attwell,2.73,3.61,2.4,1.52,1.61
2019-08-15,2,Arsenal,Brighton,1.75,1.14,0-1,28079,Emirates Stadium,Michael Oliver,2.0,3.66,3.49,1.96,1.4
2019-08-20,3,Liverpool,Chelsea,2.21,1.27,4-3,31810,Anfield,Anthony Taylor,2.08,3.61,3.31,2.06,1.49
2019-08-20,3,Brighton,Liverpool,1.81,1.84,3-0,53852,Amex Stadium,Stuart Attwell,3.04,3.7,2.17,1.7,1.89
2019-08-20,3,Everton,Arsenal,1.38,1.56,1-0,30109,Goodison Park,Michael Oliver,3.56,3.81,1.94,1.27,1.48
2019-08-20,3,Brighton,Manchester Utd,1.79,1.56,1-0,58661,Amex Stadium,Anthony Taylor,2.53,3.55,2.61,1.47,1.54
2019-08-23,4,Chelsea,West Ham,1.98,0.91,1-2,49510,Stamford Bridge,Michael Oliver,1.96,3.68,3.59,2.05,1.09
2019-08-23,4,Everton,Tottenham,1.26,1.47,0-4,47529,Goodison Park,Craig Pawson,2.96,3.68,2.22,1.08,1.45
2019-08-23,4,West Ham,Liverpool,1.57,1.73,0-0,50170,London Stadium,Anthony Taylor,3.56,3.81,1.94,1.61,1.56
2019-08-23,4,Chelsea,Brighton,2.01,1.43,8-0,39317,Stamford Bridge,Michael Oliver,2.16,3.57,3.14,1.95,1.36
2019-08-28,5,Tottenham,Manchester Utd,1.64,1.22,1-0,35289,Tottenham Hotspur Stadium,Paul Tierney,2.41,3.51,2.77,1.52,1.25
2019-08-28,5,West Ham,Brighton,1.56,1.55,1-1,25403,London Stadium,Stuart Attwell,2.66,3.59,2.47,1.41,1.63
2019-08-28,5,Everton,Manchester Utd,1.54,1.67,0-1,28829,Goodison Park,Paul Tierney,3.04,3.7,2.17,1.31,1.56
2019-08-28,5,Arsenal,Everton,2.08,0.65,3-0,58691,Emirates Stadium,Paul Tierney,1.76,3.81,4.34,2.02,0.65
2019-09-02,6,Brighton,West Ham,1.75,0.94,1-2,32703,Amex Stadium,Paul Tierney,2.12,3.59,3.23,1.63,0.79
2019-09-02,6,Manchester Utd,Brighton,2.03,1.03,4-1,59049,Old Trafford,Paul Tierney,2.21,3.55,3.07,2.16,1.17
2019-09-02,6,West Ham,Arsenal,1.1,1.87,1-2,34517,London Stadium,Paul Tierney,3.33,3.77,2.02,1.2,1.91
2019-09-02,6,Everton,West Ham,1.22,0.83,2-1,48204,Goodison Park,Paul Tierney,2.47,3.53,2.69,1.4,1.07
2019-09-04,7,Arsenal,West Ham,2.2,1.03,1-1,50506,Emirates Stadium,Craig Pawson,1.82,3.77,4.06,1.89,0.88
2019-09-04,7,Manchester Utd,Liverpool,1.67,1.43,1-3,25452,Old Trafford,Craig Pawson,2.8,3.64,2.34,1.67,1.32
2019-09-04,7,Brighton,Chelsea,1.6,1.19,3-0,47909,Amex Stadium,Craig Pawson,2.59,3.57,2.54,1.74,1.22
2019-09-04,7,Arsenal,Tottenham,2.22,1.23,3-0,45682,Emirates Stadium,Anthony Taylor,2.08,3.61,3.31,1.8,1.06
2019-09-08,8,Tottenham,Everton,1.77,0.62,5-3,55430,Tottenham Hotspur Stadium,Anthony Taylor,1.96,3.68,3.59,1.94,0.61
2019-09-08,8,Everton,Brighton,1.34,1.29,0-1,37804,Goodison Park,Craig Pawson,2.8,3.64,2.34,1.06,1.1
2019-09-08,8,Manchester Utd,Chelsea,2.03,1.43,2-2,37732,Old Trafford,Paul Tierney,2.41,3.51,2.77,2.2,1.44
2019-09-08,8,Chelsea,Manchester Utd,1.96,1.32,2-0,48798,Stamford Bridge,Stuart Attwell,2.31,3.51,2.93,2.12,1.08
2019-09-10,9,Arsenal,Liverpool,1.55,2.13,3-0,44272,Emirates Stadium,Stuart Attwell,2.47,3.53,2.69,1.67,2.08
2019-09-10,9,Brighton,Arsenal,1.68,1.38,2-2,48692,Amex Stadium,Paul Tierney,2.88,3.66,2.28,1.55,1.49
2019-09-10,9,Liverpool,Arsenal,1.97,1.52,2-2,47646,Anfield,Stuart Attwell,2.26,3.53,2.99,1.84,1.38
2019-09-10,9,Tottenham,West Ham,1.84,0.9,0-0,58106,Tottenham Hotspur Stadium,Craig Pawson,2.04,3.64,3.4,1.79,1.09
2019-09-14,10,Manchester Utd,Everton,1.72,0.91,1-0,48145,Old Trafford,Paul Tierney,1.93,3.7,3.7,1.84,0.99
2019-09-14,10,Manchester Utd,Tottenham,2.13,1.11,2-1,51311,Old Trafford,Michael Oliver,2.31,3.51,2.93,2.2,1.04
2019-09-14,10,West Ham,Manchester Utd,1.27,1.37,0-3,57258,London Stadium,Stuart Attwell,2.88,3.66,2.28,1.55,1.36
2019-09-14,10,Liverpool,Manchester Utd,2.23,1.11,6-1,60274,Anfield,Paul Tierney,2.04,3.64,3.4,2.39,1.08
2019-09-18,11,Brighton,Everton,1.69,0.77,4-1,34343,Amex Stadium,Stuart Attwell,2.04,3.64,3.4,1.72,0.7
2019-09-18,11,Arsenal,Manchester Utd,1.8,1.15,0-0,38075,Emirates Stadium,Paul Tierney,2.12,3.59,3.23,1.91,1.15
2019-09-18,11,Liverpool,Everton,2.25,0.69,0-1,26098,Anfield,Michael Oliver,1.71,3.86,4.66,2.19,0.65
2019-09-18,11,Chelsea,Liverpool,1.47,1.91,0-5,42109,Stamford Bridge,Stuart Attwell,2.73,3.61,2.4,1.3,1.96
2019-09-21,12,Tottenham,Brighton,1.66,1.02,1-0,29561,Tottenham Hotspur Stadium,Craig Pawson,2.26,3.53,2.99,1.77,0.89
2019-09-21,12,Chelsea,Arsenal,1.88,1.43,1-2,30145,Stamford Bridge,Michael Oliver,2.59,3.57,2.54,1.81,1.14
2019-09-21,12,Brighton,Tottenham,1.55,1.4,1-2,45607,Amex Stadium,Michael Oliver,2.47,3.53,2.69,1.68,1.34
2019-09-21,12,Everton,Liverpool,1.2,1.74,3-0,29209,Goodison Park,Michael Oliver,3.82,3.86,1.86,1.41,2.0
2019-09-26,13,Everton,Chelsea,0.98,1.67,0-0,46150,Goodison Park,Paul Tierney,3.13,3.72,2.12,0.7,1.77
2019-09-26,13,Tottenham,Liverpool,1.59,1.64,0-2,60126,Tottenham Hotspur Stadium,Paul Tierney,2.88,3.66,2.28,1.52,1.51
2019-09-26,13,West Ham,Everton,1.65,0.77,3-4,43818,London Stadium,Michael Oliver,2.26,3.53,2.99,1.42,0.6
2019-09-26,13,West Ham,Chelsea,1.12,1.29,0-1,55296,London Stadium,Paul Tierney,2.96,3.68,2.22,1.0,1.22
2019-09-28,14,Manchester Utd,Arsenal,1.42,1.86,3-1,29450,Old Trafford,Craig Pawson,2.66,3.59,2.47,1.58,1.98
2019-09-28,14,Tottenham,Chelsea,1.78,1.33,4-2,45032,Tottenham Hotspur Stadium,Paul Tierney,2.47,3.53,2.69,1.92,1.06
2019-09-28,14,Liverpool,West Ham,2.05,1.03,1-0,55771,Anfield,Michael Oliver,1.76,3.81,4.34,2.1,1.15
2019-09-28,14,West Ham,Tottenham,1.4,1.41,3-4,44104,London Stadium,Stuart Attwell,2.8,3.64,2.34,1.14,1.36
2020-08-10,1,Everton,Manchester Utd,1.06,1.11,1-3,27550,Goodison Park,Paul Tierney,3.04,3.7,2.17,1.01,1.24
2020-08-10,1,Chelsea,West Ham,2.03,0.79,2-1,33051,Stamford Bridge,Paul Tierney,1.96,3.68,3.59,1.78,0.84
2020-08-10,1,Tottenham,Chelsea,1.76,1.62,1-1,42977,Tottenham Hotspur Stadium,Michael Oliver,2.47,3.53,2.69,1.9,1.35
2020-08-10,1,Chelsea,Brighton,2.02,1.09,2-0,39009,Stamford Bridge,Paul Tierney,2.16,3.57,3.14,1.93,1.15
2020-08-12,2,West Ham,Everton,1.49,0.95,0-1,55925,London Stadium,Anthony Taylor,2.26,3.53,2.99,1.31,0.95
2020-08-12,2,Brighton,West Ham,1.56,0.74,1-0,29759,Amex Stadium,Stuart Attwell,2.12,3.59,3.23,1.47,0.6
2020-08-12,2,Arsenal,Manchester Utd,2.09,1.3,3-0,29725,Emirates Stadium,Anthony Taylor,2.12,3.59,3.23,2.01,1.43
2020-08-12,2,Manchester Utd,Brighton,1.97,0.94,1-0,53629,Old Trafford,Anthony Taylor,2.21,3.55,3.07,1.85,0.94
2020-08-17,3,Manchester Utd,Arsenal,1.75,1.4,0-2,39958,Old Trafford,Paul Tierney,2.66,3.59,2.47,1.84,1.35
2020-08-17,3,Everton,Arsenal,1.26,1.59,0-3,40208,Goodison Park,Paul Tierney,3.56,3.81,1.94,1.36,1.77
2020-08-17,3,Liverpool,West Ham,2.3,1.01,1-0,31859,Anfield,Anthony Taylor,1.76,3.81,4.34,2.41,0.68
2020-08-17,3,Brighton,Tottenham,1.58,1.18,1-1,30960,Amex Stadium,Michael Oliver,2.47,3.53,2.69,1.32,1.21
2020-08-22,4,Arsenal,West Ham,2.13,0.52,3-2,46056,Emirates Stadium,Anthony Taylor,1.82,3.77,4.06,2.0,0.6
2020-08-22,4,Manchester Utd,Liverpool,1.8,1.68,1-0,47492,Old Trafford,Anthony Taylor,2.8,3.64,2.34,1.82,1.61
2020-08-22,4,Liverpool,Everton,2.1,0.82,5-0,37791,Anfield,Stuart Attwell,1.71,3.86,4.66,2.41,0.74
2020-08-22,4,Arsenal,Everton,2.08,0.79,3-0,41384,Emirates Stadium,Anthony Taylor,1.76,3.81,4.34,2.15,0.89
2020-08-25,5,Liverpool,Brighton,2.1,1.12,1-2,35556,Anfield,Anthony Taylor,1.93,3.7,3.7,2.09,0.87
2020-08-25,5,West Ham,Tottenham,1.23,1.45,2-3,33946,London Stadium,Stuart Attwell,2.8,3.64,2.34,1.13,1.2
2020-08-25,5,Manchester Utd,Everton,1.87,0.81,1-1,29584,Old Trafford,Michael Oliver,1.93,3.7,3.7,1.79,0.64
2020-08-25,5,Manchester Utd,Tottenham,1.48,1.1,1-1,49368,Old Trafford,Craig Pawson,2.31,3.51,2.93,1.59,0.74
2020-08-29,6,West Ham,Manchester Utd,1.75,1.6,0-2,39588,London Stadium,Paul Tierney,2.88,3.66,2.28,1.91,1.87
2020-08-29,6,Everton,Tottenham,1.33,1.38,1-2,46779,Goodison Park,Stuart Attwell,2.96,3.68,2.22,1.49,1.11
2020-08-29,6,Liverpool,Arsenal,2.03,1.9,3-1,37397,Anfield,Paul Tierney,2.26,3.53,2.99,2.05,1.8
2020-08-29,6,Brighton,Liverpool,1.62,1.9,4-2,39529,Amex Stadium,Paul Tierney,3.04,3.7,2.17,1.78,1.91
2020-09-02,7,Manchester Utd,Chelsea,1.72,1.3,0-1,33145,Old Trafford,Paul Tierney,2.41,3.51,2.77,1.55,1.44
2020-09-02,7,Brighton,Arsenal,1.71,1.44,4-2,37654,Amex Stadium,Stuart Attwell,2.88,3.66,2.28,1.74,1.38
2020-09-02,7,West Ham,Chelsea,1.5,1.43,2-1,52556,London Stadium,Paul Tierney,2.96,3.68,2.22,1.55,1.51
2020-09-02,7,Tottenham,Everton,1.73,0.74,1-1,31871,Tottenham Hotspur Stadium,Paul Tierney,1.96,3.68,3.59,1.47,0.83
2020-09-06,8,Liverpool,Tottenham,2.29,1.42,4-4,52611,Anfield,Anthony Taylor,2.0,3.66,3.49,2.2,1.59
2020-09-06,8,Everton,Brighton,1.29,1.33,1-0,47798,Goodison Park,Craig Pawson,2.8,3.64,2.34,1.33,1.16
2020-09-06,8,Tottenham,Brighton,1.94,1.07,4-0,40686,Tottenham Hotspur Stadium,Craig Pawson,2.26,3.53,2.99,2.06,1.38
2020-09-06,8,Liverpool,Chelsea,1.68,1.54,0-2,57376,Anfield,Michael Oliver,2.08,3.61,3.31,1.76,1.66
2020-09-10,9,Liverpool,Manchester Utd,2.0,1.14,0-1,57258,Anfield,Paul Tierney,2.04,3.64,3.4,1.91,1.2
2020-09-10,9,West Ham,Arsenal,1.3,1.94,1-1,25236,London Stadium,Craig Pawson,3.33,3.77,2.02,1.13,1.55
2020-09-10,9,Everton,Liverpool,0.93,1.99,2-1,57215,Goodison Park,Stuart Attwell,3.82,3.86,1.86,0.75,1.93
2020-09-10,9,Everton,Chelsea,1.18,1.75,2-0,53429,Goodison Park,Anthony Taylor,3.13,3.72,2.12,1.26,1.79
2020-09-14,10,Chelsea,Tottenham,1.86,1.33,1-1,34017,Stamford Bridge,Craig Pawson,2.26,3.53,2.99,1.81,1.18
2020-09-14,10,Arsenal,Chelsea,2.34,1.7,0-2,39848,Emirates Stadium,Stuart Attwell,2.16,3.57,3.14,2.43,1.67
2020-09-14,10,Manchester Utd,West Ham,1.78,0.88,1-0,34348,Old Trafford,Michael Oliver,2.0,3.66,3.49,1.93,0.69
2020-09-14,10,West Ham,Brighton,1.61,1.29,1-1,47169,London Stadium,Paul Tierney,2.66,3.59,2.47,1.4,1.04
2020-09-19,11,Arsenal,Brighton,2.06,1.11,2-0,52458,Emirates Stadium,Stuart Attwell,2.0,3.66,3.49,2.05,1.26
2020-09-19,11,Tottenham,West Ham,1.95,1.04,2-1,39866,Tottenham Hotspur Stadium,Paul Tierney,2.04,3.64,3.4,2.15,1.09
2020-09-19,11,Brighton,Chelsea,1.51,1.12,1-3,36207,Amex Stadium,Craig Pawson,2.59,3.57,2.54,1.41,1.12
2020-09-19,11,Tottenham,Arsenal,1.69,1.12,0-0,30731,Tottenham Hotspur Stadium,Craig Pawson,2.73,3.61,2.4,1.52,0.85
2020-09-23,12,Chelsea,Everton,2.12,0.88,1-0,38719,Stamford Bridge,Paul Tierney,1.89,3.72,3.81,2.04,1.02
2020-09-23,12,Chelsea,Arsenal,1.76,1.7,0-2,43567,Stamford Bridge,Paul Tierney,2.59,3.57,2.54,1.81,1.6
2020-09-23,12,Chelsea,Manchester Utd,1.78,2.04,1-3,39287,Stamford Bridge,Craig Pawson,2.31,3.51,2.93,1.87,2.09
2020-09-23,12,Everton,West Ham,1.73,0.93,2-4,58747,Goodison Park,Anthony Taylor,2.47,3.53,2.69,1.95,0.9
2020-09-28,13,Chelsea,Liverpool,1.69,1.75,0-1,50315,Stamford Bridge,Paul Tierney,2.73,3.61,2.4,1.74,1.74
2020-09-28,13,Brighton,Manchester Utd,1.55,1.26,2-1,30906,Amex Stadium,Michael Oliver,2.53,3.55,2.61,1.46,1.54
2020-09-28,13,West Ham,Liverpool,1.3,1.76,2-2,36684,London Stadium,Paul Tierney,3.56,3.81,1.94,1.39,1.71
2020-09-28,13,Tottenham,Manchester Utd,1.62,1.32,0-0,49389,Tottenham Hotspur Stadium,Michael Oliver,2.41,3.51,2.77,1.43,1.05
2020-10-01,14,Brighton,Everton,2.07,0.92,1-1,47530,Amex Stadium,Michael Oliver,2.04,3.64,3.4,1.89,0.92
2020-10-01,14,Tottenham,Liverpool,1.81,1.51,1-0,27396,Tottenham Hotspur Stadium,Paul Tierney,2.88,3.66,2.28,1.81,1.78
2020-10-01,14,Arsenal,Tottenham,1.99,1.21,2-2,38376,Emirates Stadium,Anthony Taylor,2.08,3.61,3.31,2.12,1.44
2020-10-01,14,Arsenal,Liverpool,2.03,1.39,2-2,45065,Emirates Stadium,Anthony Taylor,2.47,3.53,2.69,2.15,1.4
2021-08-10,1,Chelsea,Everton,2.17,0.8,2-1,50832,Stamford Bridge,Michael Oliver,1.89,3.72,3.81,2.12,0.7
2021-08-10,1,Everton,Arsenal,1.1,1.95,1-1,53078,Goodison Park,Paul Tierney,3.56,3.81,1.94,1.05,1.94
2021-08-10,1,Tottenham,Brighton,1.78,1.32,1-2,28176,Tottenham Hotspur Stadium,Stuart Attwell,2.26,3.53,2.99,1.78,1.38
2021-08-10,1,Arsenal,Brighton,1.97,1.28,2-3,49038,Emirates Stadium,Stuart Attwell,2.0,3.66,3.49,1.94,1.58
2021-08-14,2,Chelsea,Brighton,1.97,1.13,1-1,34086,Stamford Bridge,Michael Oliver,2.16,3.57,3.14,1.97,1.08
2021-08-14,2,Liverpool,Tottenham,2.01,1.16,1-1,34678,Anfield,Anthony Taylor,2.0,3.66,3.49,1.99,0.9
2021-08-14,2,Brighton,Chelsea,1.83,1.49,2-2,50756,Amex Stadium,Paul Tierney,2.59,3.57,2.54,1.92,1.53
2021-08-14,2,Chelsea,West Ham,1.99,0.85,2-1,60792,Stamford Bridge,Craig Pawson,1.96,3.68,3.59,1.87,1.06
2021-08-17,3,Arsenal,Chelsea,2.04,0.95,4-0,29913,Emirates Stadium,Craig Pawson,2.16,3.57,3.14,2.22,1.17
2021-08-17,3,Manchester Utd,Arsenal,1.7,1.58,1-3,57289,Old Trafford,Craig Pawson,2.66,3.59,2.47,1.84,1.43
2021-08-17,3,West Ham,Brighton,1.26,0.97,1-1,44769,London Stadium,Craig Pawson,2.66,3.59,2.47,1.22,0.69
2021-08-17,3,Manchester Utd,West Ham,1.64,0.59,3-0,51795,Old Trafford,Craig Pawson,2.0,3.66,3.49,1.46,0.6
2021-08-19,4,Liverpool,Arsenal,2.15,1.32,1-1,25531,Anfield,Anthony Taylor,2.26,3.53,2.99,2.11,1.31
2021-08-19,4,West Ham,Everton,1.53,0.94,1-2,49932,London Stadium,Stuart Attwell,2.26,3.53,2.99,1.23,0.96
2021-08-19,4,Arsenal,West Ham,2.27,0.87,1-1,43558,Emirates Stadium,Craig Pawson,1.82,3.77,4.06,2.52,0.6
2021-08-19,4,Tottenham,Manchester Utd,1.6,1.31,5-1,42205,Tottenham Hotspur Stadium,Michael Oliver,2.41,3.51,2.77,1.37,1.28
2021-08-21,5,Arsenal,Tottenham,2.32,1.45,2-1,28662,Emirates Stadium,Craig Pawson,2.08,3.61,3.31,2.3,1.54
2021-08-21,5,Manchester Utd,Tottenham,1.97,1.42,3-1,41423,Old Trafford,Stuart Attwell,2.31,3.51,2.93,2.16,1.59
2021-08-21,5,Manchester Utd,Brighton,1.65,1.07,1-1,45621,Old Trafford,Craig Pawson,2.21,3.55,3.07,1.56,1.18
2021-08-21,5,Chelsea,Arsenal,2.04,1.33,1-2,39419,Stamford Bridge,Anthony Taylor,2.59,3.57,2.54,2.15,1.11
2021-08-24,6,West Ham,Tottenham,1.57,1.37,1-3,34074,London Stadium,Stuart Attwell,2.8,3.64,2.34,1.24,1.4
2021-08-24,6,Brighton,Manchester Utd,1.63,1.14,3-2,29520,Amex Stadium,Michael Oliver,2.53,3.55,2.61,1.63,1.45
2021-08-24,6,Brighton,Tottenham,1.43,1.6,2-1,46977,Amex Stadium,Anthony Taylor,2.47,3.53,2.69,1.34,1.75
2021-08-24,6,Brighton,Arsenal,1.67,1.48,4-2,26729,Amex Stadium,Craig Pawson,2.88,3.66,2.28,1.56,1.31
2021-08-26,7,Everton,Tottenham,1.37,1.45,1-0,46296,Goodison Park,Paul Tierney,2.96,3.68,2.22,1.39,1.85
2021-08-26,7,Liverpool,Brighton,2.27,1.02,0-2,50952,Anfield,Stuart Attwell,1.93,3.7,3.7,2.44,1.07
2021-08-26,7,Everton,West Ham,1.55,1.05,1-1,35876,Goodison Park,Craig Pawson,2.47,3.53,2.69,1.34,1.06
2021-08-26,7,Tottenham,West Ham,1.72,0.84,1-1,31967,Tottenham Hotspur Stadium,Anthony Taylor,2.04,3.64,3.4,1.8,1.07
2021-08-30,8,West Ham,Arsenal,1.29,1.51,1-3,30547,London Stadium,Craig Pawson,3.33,3.77,2.02,1.32,1.64
2021-08-30,8,Brighton,Everton,1.88,0.96,2-3,33439,Amex Stadium,Michael Oliver,2.04,3.64,3.4,2.01,1.03
2021-08-30,8,Everton,Brighton,1.3,1.25,1-3,48793,Goodison Park,Stuart Attwell,2.8,3.64,2.34,1.16,1.34
2021-08-30,8,Liverpool,Chelsea,2.32,1.16,1-0,25709,Anfield,Stuart Attwell,2.08,3.61,3.31,2.39,1.21
2021-09-02,9,Brighton,West Ham,1.56,1.11,2-1,43718,Amex Stadium,Paul Tierney,2.12,3.59,3.23,1.49,0.98
2021-09-02,9,Liverpool,West Ham,2.03,0.94,2-0,46485,Anfield,Anthony Taylor,1.76,3.81,4.34,2.11,0.9
2021-09-02,9,Chelsea,Liverpool,1.59,1.77,1-1,52234,Stamford Bridge,Craig Pawson,2.73,3.61,2.4,1.66,1.8
2021-09-02,9,Everton,Manchester Utd,1.15,1.38,2-2,59038,Goodison Park,Michael Oliver,3.04,3.7,2.17,1.25,1.43
2021-09-06,10,Everton,Chelsea,1.03,1.56,0-1,38508,Goodison Park,Craig Pawson,3.13,3.72,2.12,1.11,1.47
2021-09-06,10,Brighton,Liverpool,1.47,1.68,0-2,59193,Amex Stadium,Paul Tierney,3.04,3.7,2.17,1.39,1.86
2021-09-06,10,Chelsea,Manchester Utd,1.89,1.28,1-1,44058,Stamford Bridge,Michael Oliver,2.31,3.51,2.93,1.79,1.12
2021-09-06,10,Manchester Utd,Everton,2.03,0.94,1-1,41175,Old Trafford,Stuart Attwell,1.93,3.7,3.7,2.24,0.95
2021-09-09,11,Arsenal,Manchester Utd,1.95,1.13,2-1,41625,Emirates Stadium,Michael Oliver,2.12,3.59,3.23,1.74,1.07
2021-09-09,11,Arsenal,Everton,2.21,0.92,6-1,53691,Emirates Stadium,Craig Pawson,1.76,3.81,4.34,2.32,0.96
2021-09-09,11,Arsenal,Liverpool,2.02,1.58,1-0,59200,Emirates Stadium,Craig Pawson,2.47,3.53,2.69,2.14,1.47
2021-09-09,11,Tottenham,Liverpool,1.75,1.9,4-5,40625,Tottenham Hotspur Stadium,Michael Oliver,2.88,3.66,2.28,1.65,1.74
2021-09-11,12,Tottenham,Everton,1.74,0.87,4-1,58840,Tottenham Hotspur Stadium,Michael Oliver,1.96,3.68,3.59,1.88,0.67
2021-09-11,12,Liverpool,Everton,2.29,0.66,3-0,58927,Anfield,Craig Pawson,1.71,3.86,4.66,2.19,0.72
2021-09-11,12,Manchester Utd,Liverpool,1.79,1.52,2-1,40406,Old Trafford,Stuart Attwell,2.8,3.64,2.34,1.89,1.5
2021-09-11,12,West Ham,Manchester Utd,1.11,1.15,3-0,28160,London Stadium,Stuart Attwell,2.88,3.66,2.28,1.13,1.21
2021-09-13,13,Manchester Utd,Chelsea,1.79,1.44,1-1,25722,Old Trafford,Michael Oliver,2.41,3.51,2.77,1.84,1.35
2021-09-13,13,West Ham,Liverpool,1.35,1.47,0-2,59589,London Stadium,Michael Oliver,3.56,3.81,1.94,1.29,1.47
2021-09-13,13,Everton,Liverpool,1.02,1.87,0-3,32080,Goodison Park,Anthony Taylor,3.82,3.86,1.86,1.09,2.06
2021-09-13,13,Tottenham,Arsenal,1.68,1.76,1-0,38570,Tottenham Hotspur Stadium,Craig Pawson,2.73,3.61,2.4,1.67,1.65
2021-09-15,14,West Ham,Chelsea,1.09,1.6,3-0,38214,London Stadium,Paul Tierney,2.96,3.68,2.22,1.01,1.54
2021-09-15,14,Tottenham,Chelsea,1.73,1.44,3-0,57440,Tottenham Hotspur Stadium,Stuart Attwell,2.47,3.53,2.69,1.97,1.56
2021-09-15,14,Chelsea,Tottenham,1.59,1.14,2-1,37063,Stamford Bridge,Craig Pawson,2.26,3.53,2.99,1.6,1.25
2021-09-15,14,Liverpool,Manchester Utd,2.24,1.42,4-2,59240,Anfield,Craig Pawson,2.04,3.64,3.4,2.35,1.55
2022-08-10,1,Tottenham,Everton,1.74,0.91,1-0,42968,Tottenham Hotspur Stadium,Paul Tierney,1.96,3.68,3.59,1.61,0.85
2022-08-10,1,Manchester Utd,Tottenham,1.98,1.1,5-3,54798,Old Trafford,Paul Tierney,2.31,3.51,2.93,1.88,1.09
2022-08-10,1,West Ham,Manchester Utd,1.12,1.6,0-0,28079,London Stadium,Paul Tierney,2.88,3.66,2.28,1.21,1.49
2022-08-10,1,Liverpool,Manchester Utd,2.23,0.98,6-0,54599,Anfield,Michael Oliver,2.04,3.64,3.4,2.07,0.96
2022-08-14,2,Liverpool,Chelsea,2.08,1.41,2-1,60231,Anfield,Anthony Taylor,2.08,3.61,3.31,2.1,0.83
2022-08-14,2,Manchester Utd,Chelsea,1.75,1.57,2-1,45470,Old Trafford,Paul Tierney,2.41,3.51,2.77,1.82,1.5
2022-08-14,2,Manchester Utd,Arsenal,1.54,1.54,2-1,52344,Old Trafford,Anthony Taylor,2.66,3.59,2.47,1.63,1.45
2022-08-14,2,West Ham,Liverpool,1.18,1.96,0-3,48692,London Stadium,Michael Oliver,3.56,3.81,1.94,1.13,1.97
2022-08-17,3,Chelsea,Everton,1.94,0.89,4-2,33330,Stamford Bridge,Anthony Taylor,1.89,3.72,3.81,1.87,0.83
2022-08-17,3,Arsenal,Chelsea,1.83,1.36,0-2,41443,Emirates Stadium,Anthony Taylor,2.16,3.57,3.14,1.95,1.39
2022-08-17,3,Brighton,Tottenham,1.59,1.08,3-2,32839,Amex Stadium,Michael Oliver,2.47,3.53,2.69,1.42,0.95
2022-08-17,3,Tottenham,Arsenal,1.9,1.66,2-2,31327,Tottenham Hotspur Stadium,Craig Pawson,2.73,3.61,2.4,1.93,1.64
2022-08-22,4,Tottenham,West Ham,2.19,0.89,1-0,42712,Tottenham Hotspur Stadium,Paul Tierney,2.04,3.64,3.4,2.25,0.85
2022-08-22,4,Brighton,Arsenal,1.85,1.4,4-1,60186,Amex Stadium,Paul Tierney,2.88,3.66,2.28,1.85,1.49
2022-08-22,4,Everton,Liverpool,1.5,2.0,1-0,28161,Goodison Park,Paul Tierney,3.82,3.86,1.86,1.43,2.12
2022-08-22,4,West Ham,Brighton,1.54,1.32,3-1,48665,London Stadium,Stuart Attwell,2.66,3.59,2.47,1.48,1.25
2022-08-24,5,Tottenham,Brighton,1.69,1.33,4-2,35774,Tottenham Hotspur Stadium,Stuart Attwell,2.26,3.53,2.99,1.78,1.57
2022-08-24,5,Everton,Chelsea,1.53,1.25,2-0,58189,Goodison Park,Anthony Taylor,3.13,3.72,2.12,1.69,1.17
2022-08-24,5,Manchester Utd,Liverpool,1.76,2.0,1-0,41434,Old Trafford,Anthony Taylor,2.8,3.64,2.34,1.61,2.01
2022-08-24,5,Liverpool,Brighton,2.03,1.06,1-0,30796,Anfield,Paul Tierney,1.93,3.7,3.7,2.11,1.05
2022-08-28,6,Manchester Utd,Everton,1.81,0.63,0-1,53569,Old Trafford,Paul Tierney,1.93,3.7,3.7,2.03,0.7
2022-08-28,6,Everton,West Ham,1.46,0.77,1-2,47007,Goodison Park,Paul Tierney,2.47,3.53,2.69,1.36,0.6
2022-08-28,6,Tottenham,Manchester Utd,1.81,1.43,1-1,50654,Tottenham Hotspur Stadium,Stuart Attwell,2.41,3.51,2.77,1.97,1.75
2022-08-28,6,Arsenal,Tottenham,2.05,1.03,0-1,35809,Emirates Stadium,Stuart Attwell,2.08,3.61,3.31,2.08,0.83
2022-08-31,7,Liverpool,Arsenal,2.07,1.38,1-0,25002,Anfield,Stuart Attwell,2.26,3.53,2.99,1.97,1.34
2022-08-31,7,Arsenal,Brighton,1.77,1.3,1-0,28386,Emirates Stadium,Michael Oliver,2.0,3.66,3.49,1.82,1.5
2022-08-31,7,Brighton,Manchester Utd,1.22,1.62,0-2,60212,Amex Stadium,Stuart Attwell,2.53,3.55,2.61,1.19,1.31
2022-08-31,7,Brighton,West Ham,1.88,0.72,1-2,33712,Amex Stadium,Paul Tierney,2.12,3.59,3.23,2.15,0.64
2022-09-03,8,Chelsea,Manchester Utd,1.69,1.58,4-0,43342,Stamford Bridge,Craig Pawson,2.31,3.51,2.93,1.87,1.75
2022-09-03,8,Manchester Utd,Brighton,1.99,1.37,2-3,34963,Old Trafford,Michael Oliver,2.21,3.55,3.07,1.77,1.31
2022-09-03,8,West Ham,Tottenham,1.41,1.44,1-1,25773,London Stadium,Anthony Taylor,2.8,3.64,2.34,1.27,1.26
2022-09-03,8,Arsenal,Liverpool,1.94,1.77,0-0,39433,Emirates Stadium,Anthony Taylor,2.47,3.53,2.69,1.96,1.77
2022-09-05,9,Everton,Brighton,1.32,1.24,1-0,60740,Goodison Park,Stuart Attwell,2.8,3.64,2.34,1.33,1.2
2022-09-05,9,Everton,Arsenal,1.42,1.65,1-3,51541,Goodison Park,Craig Pawson,3.56,3.81,1.94,1.38,1.56
2022-09-05,9,Chelsea,Tottenham,1.93,1.24,3-4,59327,Stamford Bridge,Michael Oliver,2.26,3.53,2.99,1.85,1.22
2022-09-05,9,Liverpool,West Ham,2.39,0.76,3-1,34542,Anfield,Stuart Attwell,1.76,3.81,4.34,2.43,0.66
2022-09-09,10,Tottenham,Liverpool,1.79,1.76,1-2,59497,Tottenham Hotspur Stadium,Michael Oliver,2.88,3.66,2.28,1.71,1.51
2022-09-09,10,Brighton,Liverpool,1.32,1.66,1-2,43377,Amex Stadium,Michael Oliver,3.04,3.7,2.17,1.27,1.17
2022-09-09,10,Chelsea,Liverpool,2.05,1.83,2-0,56483,Stamford Bridge,Craig Pawson,2.73,3.61,2.4,1.98,1.67
2022-09-09,10,Manchester Utd,West Ham,1.92,0.91,1-1,56735,Old Trafford,Michael Oliver,2.0,3.66,3.49,1.71,0.85
2022-09-13,11,Everton,Manchester Utd,1.25,1.33,0-0,55074,Goodison Park,Anthony Taylor,3.04,3.7,2.17,1.19,1.39
2022-09-13,11,Brighton,Chelsea,1.52,1.29,1-1,30407,Amex Stadium,Michael Oliver,2.59,3.57,2.54,1.14,1.17
2022-09-13,11,Everton,Tottenham,0.96,1.34,1-0,35325,Goodison Park,Michael Oliver,2.96,3.68,2.22,1.19,1.23
2022-09-13,11,Arsenal,Manchester Utd,2.1,1.35,0-1,49366,Emirates Stadium,Michael Oliver,2.12,3.59,3.23,1.85,1.29
2022-09-18,12,Arsenal,West Ham,2.0,0.5,2-1,48482,Emirates Stadium,Stuart Attwell,1.82,3.77,4.06,2.16,0.6
2022-09-18,12,West Ham,Arsenal,1.2,1.34,1-1,52476,London Stadium,Anthony Taylor,3.33,3.77,2.02,1.1,1.23
2022-09-18,12,Arsenal,Everton,2.11,0.89,3-1,31708,Emirates Stadium,Anthony Taylor,1.76,3.81,4.34,2.11,0.83
2022-09-18,12,Chelsea,Brighton,1.58,1.24,1-0,38767,Stamford Bridge,Craig Pawson,2.16,3.57,3.14,1.67,1.39
2022-09-21,13,Brighton,Everton,1.64,1.02,2-0,51895,Amex Stadium,Paul Tierney,2.04,3.64,3.4,1.69,1.2
2022-09-21,13,Chelsea,Arsenal,1.85,1.12,0-0,33930,Stamford Bridge,Anthony Taylor,2.59,3.57,2.54,1.85,1.19
2022-09-21,13,Liverpool,Everton,2.16,0.34,1-0,49037,Anfield,Craig Pawson,1.71,3.86,4.66,2.19,0.6
2022-09-21,13,Tottenham,Chelsea,1.8,1.53,2-2,56556,Tottenham Hotspur Stadium,Stuart Attwell,2.47,3.53,2.69,1.71,1.62
2022-09-25,14,West Ham,Everton,1.56,1.29,2-0,28968,London Stadium,Stuart Attwell,2.26,3.53,2.99,1.6,1.2
2022-09-25,14,Chelsea,West Ham,1.85,0.92,1-1,31208,Stamford Bridge,Paul Tierney,1.96,3.68,3.59,1.78,0.69
2022-09-25,14,West Ham,Chelsea,1.75,1.3,4-3,48649,London Stadium,Craig Pawson,2.96,3.68,2.22,1.79,1.29
2022-09-25,14,Liverpool,Tottenham,2.18,1.44,3-2,40374,Anfield,Craig Pawson,2.0,3.66,3.49,2.42,1.3
2023-08-10,1,Arsenal,West Ham,2.18,0.7,1-1,58470,Emirates Stadium,Anthony Taylor,1.82,3.77,4.06,2.21,0.6
2023-08-10,1,Manchester Utd,Liverpool,1.59,1.47,4-2,42437,Old Trafford,Michael Oliver,2.8,3.64,2.34,1.86,1.45
2023-08-10,1,Everton,Liverpool,1.25,1.69,3-2,59899,Goodison Park,Paul Tierney,3.82,3.86,1.86,1.44,1.41
2023-08-10,1,Tottenham,Brighton,1.6,1.2,2-1,56404,Tottenham Hotspur Stadium,Anthony Taylor,2.26,3.53,2.99,1.88,1.12
2023-08-14,2,Tottenham,Liverpool,1.71,1.55,2-0,40807,Tottenham Hotspur Stadium,Stuart Attwell,2.88,3.66,2.28,1.59,1.51
2023-08-14,2,Chelsea,Liverpool,1.87,1.56,0-1,27813,Stamford Bridge,Craig Pawson,2.73,3.61,2.4,2.02,1.7
2023-08-14,2,Chelsea,Manchester Utd,1.67,1.31,1-1,59392,Stamford Bridge,Stuart Attwell,2.31,3.51,2.93,1.74,1.56
2023-08-14,2,Chelsea,West Ham,2.39,0.86,5-1,34796,Stamford Bridge,Anthony Taylor,1.96,3.68,3.59,2.56,0.89
2023-08-17,3,West Ham,Everton,1.61,1.08,0-1,28336,London Stadium,Craig Pawson,2.26,3.53,2.99,1.62,1.05
2023-08-17,3,Brighton,Chelsea,1.56,1.49,2-1,26397,Amex Stadium,Craig Pawson,2.59,3.57,2.54,1.27,1.57
2023-08-17,3,Arsenal,Brighton,2.09,1.18,4-2,27949,Emirates Stadium,Craig Pawson,2.0,3.66,3.49,1.9,1.09
2023-08-17,3,Manchester Utd,Everton,1.75,1.07,2-0,32107,Old Trafford,Anthony Taylor,1.93,3.7,3.7,1.91,1.35
2023-08-19,4,Tottenham,Everton,1.84,0.55,2-1,29775,Tottenham Hotspur Stadium,Stuart Attwell,1.96,3.68,3.59,2.01,0.6
2023-08-19,4,West Ham,Chelsea,1.33,1.56,3-0,29818,London Stadium,Craig Pawson,2.96,3.68,2.22,1.31,1.54
2023-08-19,4,Brighton,West Ham,1.51,1.22,1-0,29400,Amex Stadium,Anthony Taylor,2.12,3.59,3.23,1.77,1.41
2023-08-19,4,Tottenham,Chelsea,1.36,1.1,0-1,54379,Tottenham Hotspur Stadium,Paul Tierney,2.47,3.53,2.69,1.23,1.14
2023-08-22,5,Liverpool,West Ham,2.23,1.04,5-2,25235,Anfield,Stuart Attwell,1.76,3.81,4.34,2.18,1.34
2023-08-22,5,West Ham,Liverpool,1.24,2.15,4-1,48137,London Stadium,Anthony Taylor,3.56,3.81,1.94,1.25,2.41
2023-08-22,5,Brighton,Arsenal,1.62,1.74,2-3,40981,Amex Stadium,Stuart Attwell,2.88,3.66,2.28,1.69,1.54
2023-08-22,5,Chelsea,Brighton,1.99,1.17,3-0,38965,Stamford Bridge,Anthony Taylor,2.16,3.57,3.14,2.19,1.2
2023-08-26,6,Everton,Manchester Utd,1.15,1.52,2-0,50254,Goodison Park,Craig Pawson,3.04,3.7,2.17,1.16,1.44
2023-08-26,6,West Ham,Manchester Utd,1.3,1.18,2-0,59785,London Stadium,Stuart Attwell,2.88,3.66,2.28,1.57,1.47
2023-08-26,6,Brighton,Everton,1.68,0.86,3-1,49409,Amex Stadium,Michael Oliver,2.04,3.64,3.4,1.42,0.87
2023-08-26,6,Liverpool,Brighton,2.07,0.88,1-1,29507,Anfield,Stuart Attwell,1.93,3.7,3.7,2.0,0.9
2023-08-28,7,Chelsea,Everton,2.0,0.99,1-0,29301,Stamford Bridge,Paul Tierney,1.89,3.72,3.81,2.02,0.99
2023-08-28,7,Everton,Brighton,1.1,1.2,0-3,39189,Goodison Park,Craig Pawson,2.8,3.64,2.34,1.32,1.18
2023-08-28,7,Tottenham,Manchester Utd,1.69,1.42,2-1,27633,Tottenham Hotspur Stadium,Craig Pawson,2.41,3.51,2.77,1.75,1.3
2023-08-28,7,Everton,West Ham,1.08,1.09,1-0,30189,Goodison Park,Paul Tierney,2.47,3.53,2.69,0.99,1.05
2023-08-30,8,West Ham,Tottenham,1.14,1.36,1-6,44386,London Stadium,Craig Pawson,2.8,3.64,2.34,0.89,1.39
2023-08-30,8,Chelsea,Arsenal,1.78,1.37,3-0,53403,Stamford Bridge,Stuart Attwell,2.59,3.57,2.54,1.56,1.7
2023-08-30,8,Liverpool,Tottenham,1.94,1.07,3-0,40394,Anfield,Craig Pawson,2.0,3.66,3.49,2.1,0.95
2023-08-30,8,Tottenham,West Ham,1.72,1.23,5-0,38633,Tottenham Hotspur Stadium,Stuart Attwell,2.04,3.64,3.4,1.81,1.43
2023-09-04,9,West Ham,Brighton,1.53,1.4,0-0,37266,London Stadium,Craig Pawson,2.66,3.59,2.47,1.51,1.64
2023-09-04,9,Manchester Utd,Tottenham,1.62,1.25,1-1,33315,Old Trafford,Anthony Taylor,2.31,3.51,2.93,1.48,1.28
2023-09-04,9,Liverpool,Everton,2.29,0.71,3-1,42554,Anfield,Craig Pawson,1.71,3.86,4.66,2.15,0.73
2023-09-04,9,Brighton,Liverpool,1.56,1.62,3-3,46317,Amex Stadium,Stuart Attwell,3.04,3.7,2.17,1.77,1.69
2023-09-06,10,Brighton,Tottenham,1.74,1.07,0-1,51215,Amex Stadium,Anthony Taylor,2.47,3.53,2.69,1.65,1.16
2023-09-06,10,Everton,Arsenal,1.24,1.42,0-5,51303,Goodison Park,Craig Pawson,3.56,3.81,1.94,1.32,1.22
2023-09-06,10,Manchester Utd,Arsenal,1.73,1.42,2-0,27037,Old Trafford,Paul Tierney,2.66,3.59,2.47,1.7,1.4
2023-09-06,10,Liverpool,Arsenal,2.19,1.54,0-3,43087,Anfield,Michael Oliver,2.26,3.53,2.99,2.26,1.23
2023-09-09,11,West Ham,Arsenal,1.13,1.83,1-2,40763,London Stadium,Anthony Taylor,3.33,3.77,2.02,1.12,1.82
2023-09-09,11,Chelsea,Tottenham,1.77,1.57,0-4,48323,Stamford Bridge,Stuart Attwell,2.26,3.53,2.99,1.68,1.76
2023-09-09,11,Manchester Utd,Chelsea,1.92,1.32,1-0,50343,Old Trafford,Anthony Taylor,2.41,3.51,2.77,2.03,1.28
2023-09-09,11,Arsenal,Manchester Utd,2.27,1.56,3-0,51487,Emirates Stadium,Michael Oliver,2.12,3.59,3.23,2.32,1.46
2023-09-14,12,Everton,Chelsea,1.03,1.51,1-3,36372,Goodison Park,Stuart Attwell,3.13,3.72,2.12,0.89,1.44
2023-09-14,12,Liverpool,Manchester Utd,2.07,1.49,0-2,52839,Anfield,Anthony Taylor,2.04,3.64,3.4,1.75,1.62
2023-09-14,12,Everton,Tottenham,1.56,1.32,1-2,36196,Goodison Park,Michael Oliver,2.96,3.68,2.22,1.7,1.18
2023-09-14,12,Arsenal,Liverpool,1.78,1.47,1-1,31315,Emirates Stadium,Craig Pawson,2.47,3.53,2.69,1.45,1.28
2023-09-16,13,Liverpool,Chelsea,2.14,1.08,2-1,46494,Anfield,Anthony Taylor,2.08,3.61,3.31,2.04,1.04
2023-09-16,13,Arsenal,Everton,2.03,1.08,1-0,36987,Emirates Stadium,Michael Oliver,1.76,3.81,4.34,2.03,1.16
2023-09-16,13,Manchester Utd,Brighton,2.13,1.15,4-2,40133,Old Trafford,Paul Tierney,2.21,3.55,3.07,2.19,1.03
2023-09-16,13,Brighton,Manchester Utd,1.72,1.65,2-1,26215,Amex Stadium,Michael Oliver,2.53,3.55,2.61,1.59,1.89
2023-09-19,14,Tottenham,Arsenal,1.7,1.57,0-1,37740,Tottenham Hotspur Stadium,Paul Tierney,2.73,3.61,2.4,1.76,1.75
2023-09-19,14,Manchester Utd,West Ham,1.83,0.79,1-1,33035,Old Trafford,Paul Tierney,2.0,3.66,3.49,1.71,1.19
2023-09-19,14,Arsenal,Tottenham,1.57,1.23,2-0,49551,Emirates Stadium,Anthony Taylor,2.08,3.61,3.31,1.85,1.52
2023-09-19,14,Arsenal,Chelsea,2.18,1.32,0-3,26402,Emirates Stadium,Paul Tierney,2.16,3.57,3.14,2.01,1.4
